<?xml version='1.0' encoding='UTF-8' ?>
<timeLogEntries>
  <time id="21" path="/Laboratorio/PSP for Engineers/Program 1/Planning" start="@1539444906434" delta="347" />
  <time id="22" path="/Laboratorio/PSP for Engineers/Program 1/Code" start="@1539619498360" delta="557" />
  <time id="23" path="/Laboratorio/PSP for Engineers/Program 1/Code" start="@1540218169084" delta="107" />
  <time id="24" path="/Laboratorio/PSP for Engineers/Program 1/Code" start="@1540230172655" delta="54" />
  <time id="25" path="/Laboratorio/PSP for Engineers/Program 1/Code" start="@1540260574916" delta="80" />
  <time id="26" path="/Laboratorio/PSP for Engineers/Program 1/Code" start="@1540403008773" delta="181" />
  <time id="27" path="/Laboratorio/PSP for Engineers/Program 1/Test" start="@1540417251843" delta="65" />
  <time id="28" path="/Laboratorio/PSP for Engineers/Program 1/Test" start="@1540421181769" delta="455" interrupt="48" />
</timeLogEntries>
