<?xml version='1.0' encoding='UTF-8' ?>
<timeLogEntries>
  <time id="1" path="/Christian Tamayo/PSP/Design" start="@1538622179314" delta="18" />
  <time id="2" path="/Christian Tamayo/PSP/Design" start="@1538624891433" delta="2" />
  <time id="3" path="/Christian Tamayo/PSP/Design" start="@1538678558777" delta="284" />
  <time id="4" path="/Christian Tamayo/PSP/Code" start="@1538710492631" delta="41" />
  <time id="5" path="/Christian Tamayo/PSP/Design" start="@1538712974870" delta="7" />
  <time id="6" path="/Christian Tamayo/PSP/Design" start="@1538757684993" delta="26" />
  <time id="7" path="/Christian Tamayo/PSP/Code" start="@1538759237332" delta="45" />
  <time id="8" path="/Christian Tamayo/PSP/Code" start="@1538837436916" delta="63" />
  <time id="9" path="/Christian Tamayo/PSP/Planning" start="@1538959072245" delta="30" />
  <time id="10" path="/Christian Tamayo/PSP/Code" start="@1538962182919" delta="40" />
  <time id="11" path="/Christian Tamayo/PSP/Code" start="@1538968330602" delta="60" />
  <time id="12" path="/Christian Tamayo/PSP/Code" start="@1539361699986" delta="84" />
  <time id="13" path="/Christian Tamayo/PSP/Code" start="@1540212465924" delta="32" />
  <time id="14" path="/Christian Tamayo/PSP/Design" start="@1540420628342" delta="87" />
  <time id="15" path="/Christian Tamayo/PSP/Design" start="@1540432560970" delta="89" />
</timeLogEntries>
